{
  "average_precision": 0.5635875482226705,
  "accuracy": 0.5698924731182796,
  "precision": 0.5416036308623298,
  "recall": 0.9546666666666667,
  "f1_score": 0.6911196911196911,
  "specificity": 0.17886178861788618,
  "roc_auc": 0.5806106594399277,
  "confusion_matrix": {
    "true_positive": 358,
    "false_positive": 303,
    "true_negative": 66,
    "false_negative": 17
  },
  "precision_curve": [
    0.5040322580645161,
    0.5117565698478561,
    0.5154061624649859,
    0.5213068181818182,
    0.5227920227920227,
    0.5229885057471264,
    0.5308823529411765,
    0.5364041604754829,
    0.5382308845577212,
    0.5375375375375375,
    0.5383458646616541,
    0.5416036308623298,
    0.54337899543379,
    0.5442073170731707,
    0.5428134556574924,
    0.5425038639876353,
    0.5426356589147286,
    0.5417322834645669,
    0.5393258426966292,
    0.725,
    0.717948717948718,
    0.75,
    0.7647058823529411,
    0.8064516129032258,
    0.8571428571428571,
    1.0,
    1.0,
    1.0
  ],
  "recall_curve": [
    1.0,
    0.9866666666666667,
    0.9813333333333333,
    0.9786666666666667,
    0.9786666666666667,
    0.9706666666666667,
    0.9626666666666667,
    0.9626666666666667,
    0.9573333333333334,
    0.9546666666666667,
    0.9546666666666667,
    0.9546666666666667,
    0.952,
    0.952,
    0.9466666666666667,
    0.936,
    0.9333333333333333,
    0.9173333333333333,
    0.896,
    0.07733333333333334,
    0.07466666666666667,
    0.072,
    0.06933333333333333,
    0.06666666666666667,
    0.048,
    0.018666666666666668,
    0.008,
    0.0
  ]
}