{
  "average_precision": 0.6696909564130836,
  "accuracy": 0.6625386996904025,
  "precision": 0.6552901023890785,
  "recall": 0.96,
  "f1_score": 0.7789046653144016,
  "specificity": 0.17886178861788618,
  "roc_auc": 0.5728410117434507,
  "confusion_matrix": {
    "true_positive": 576,
    "false_positive": 303,
    "true_negative": 66,
    "false_negative": 24
  },
  "precision_curve": [
    0.6191950464396285,
    0.6212278876170656,
    0.6225234619395204,
    0.6277602523659306,
    0.6306878306878307,
    0.6316348195329087,
    0.6329787234042553,
    0.6366559485530546,
    0.6392199349945829,
    0.6387377584330794,
    0.6411378555798687,
    0.6445182724252492,
    0.6512935883014623,
    0.6527149321266968,
    0.6552901023890785,
    0.6556442417331813,
    0.6552511415525114,
    0.6559633027522935,
    0.6551724137931034,
    0.6558891454965358,
    0.6568627450980392,
    0.7088607594936709,
    0.7083333333333334,
    0.7704918032786885,
    0.7631578947368421,
    0.84375,
    0.9166666666666666,
    1.0,
    1.0
  ],
  "recall_curve": [
    1.0,
    0.995,
    0.995,
    0.995,
    0.9933333333333333,
    0.9916666666666667,
    0.9916666666666667,
    0.99,
    0.9833333333333333,
    0.9783333333333334,
    0.9766666666666667,
    0.97,
    0.965,
    0.9616666666666667,
    0.96,
    0.9583333333333334,
    0.9566666666666667,
    0.9533333333333334,
    0.95,
    0.9466666666666667,
    0.11166666666666666,
    0.09333333333333334,
    0.085,
    0.07833333333333334,
    0.04833333333333333,
    0.045,
    0.018333333333333333,
    0.0016666666666666668,
    0.0
  ]
}