{
  "average_precision": 0.7816846719337142,
  "accuracy": 0.7833333333333333,
  "precision": 0.7758620689655172,
  "recall": 1.0,
  "f1_score": 0.8737864077669902,
  "specificity": 0.13333333333333333,
  "roc_auc": 0.5392592592592592,
  "confusion_matrix": {
    "true_positive": 45,
    "false_positive": 13,
    "true_negative": 2,
    "false_negative": 0
  },
  "precision_curve": [
    0.75,
    0.7627118644067796,
    0.7758620689655172,
    0.7678571428571429,
    0.7636363636363637,
    0.7592592592592593,
    0.8,
    1.0,
    1.0,
    1.0,
    1.0
  ],
  "recall_curve": [
    1.0,
    1.0,
    1.0,
    0.9555555555555556,
    0.9333333333333333,
    0.9111111111111111,
    0.08888888888888889,
    0.08888888888888889,
    0.06666666666666667,
    0.022222222222222223,
    0.0
  ]
}