{
  "average_precision": 0.7785401640032609,
  "accuracy": 0.75,
  "precision": 0.7586206896551724,
  "recall": 0.9777777777777777,
  "f1_score": 0.8543689320388349,
  "specificity": 0.06666666666666667,
  "roc_auc": 0.5622222222222222,
  "confusion_matrix": {
    "true_positive": 44,
    "false_positive": 14,
    "true_negative": 1,
    "false_negative": 1
  },
  "precision_curve": [
    0.75,
    0.7627118644067796,
    0.7586206896551724,
    0.75,
    0.7592592592592593,
    0.7735849056603774,
    0.7692307692307693,
    1.0,
    1.0,
    1.0
  ],
  "recall_curve": [
    1.0,
    1.0,
    0.9777777777777777,
    0.9333333333333333,
    0.9111111111111111,
    0.9111111111111111,
    0.8888888888888888,
    0.044444444444444446,
    0.022222222222222223,
    0.0
  ]
}