{
  "average_precision": 0.5394277285879158,
  "accuracy": 0.5282258064516129,
  "precision": 0.5171919770773639,
  "recall": 0.9626666666666667,
  "f1_score": 0.6728797763280522,
  "specificity": 0.08672086720867209,
  "roc_auc": 0.5659765130984644,
  "confusion_matrix": {
    "true_positive": 361,
    "false_positive": 337,
    "true_negative": 32,
    "false_negative": 14
  },
  "precision_curve": [
    0.5040322580645161,
    0.5033647375504711,
    0.5040431266846361,
    0.5033738191632928,
    0.5061224489795918,
    0.5068306010928961,
    0.5096153846153846,
    0.5075862068965518,
    0.5082872928176796,
    0.5133239831697055,
    0.5140449438202247,
    0.5171919770773639,
    0.5187319884726225,
    0.5194805194805194,
    0.5217391304347826,
    0.5263929618768328,
    0.524300441826215,
    0.5275707898658718,
    0.5268656716417911,
    0.5292353823088456,
    0.5317220543806647,
    0.5325264750378215,
    0.5344563552833078,
    0.5352760736196319,
    0.5362095531587057,
    0.5321821036106751,
    0.65,
    0.6551724137931034,
    0.6792452830188679,
    0.6862745098039216,
    0.68,
    0.7021276595744681,
    0.6956521739130435,
    0.6486486486486487,
    0.6388888888888888,
    0.6451612903225806,
    0.5714285714285714,
    0.4375,
    0.16666666666666666,
    0.2,
    0.25,
    0.3333333333333333,
    0.0,
    0.0,
    1.0
  ],
  "recall_curve": [
    1.0,
    0.9973333333333333,
    0.9973333333333333,
    0.9946666666666667,
    0.992,
    0.9893333333333333,
    0.9893333333333333,
    0.9813333333333333,
    0.9813333333333333,
    0.976,
    0.976,
    0.9626666666666667,
    0.96,
    0.96,
    0.96,
    0.9573333333333334,
    0.9493333333333334,
    0.944,
    0.9413333333333334,
    0.9413333333333334,
    0.9386666666666666,
    0.9386666666666666,
    0.9306666666666666,
    0.9306666666666666,
    0.928,
    0.904,
    0.104,
    0.10133333333333333,
    0.096,
    0.09333333333333334,
    0.09066666666666667,
    0.088,
    0.08533333333333333,
    0.064,
    0.06133333333333333,
    0.05333333333333334,
    0.032,
    0.018666666666666668,
    0.0026666666666666666,
    0.0026666666666666666,
    0.0026666666666666666,
    0.0026666666666666666,
    0.0,
    0.0,
    0.0
  ]
}