{
  "average_precision": 0.8265063740436852,
  "accuracy": 0.8018741633199464,
  "precision": 0.8112947658402204,
  "recall": 0.9816666666666667,
  "f1_score": 0.8883861236802413,
  "specificity": 0.06802721088435375,
  "roc_auc": 0.5586848072562358,
  "confusion_matrix": {
    "true_positive": 589,
    "false_positive": 137,
    "true_negative": 10,
    "false_negative": 11
  },
  "precision_curve": [
    0.8032128514056225,
    0.8042895442359249,
    0.8061911170928667,
    0.8078484438430311,
    0.8084815321477428,
    0.8101788170563962,
    0.8112947658402204,
    0.8141470180305131,
    0.8172942817294282,
    0.8167832167832167,
    0.8188202247191011,
    0.8201133144475921,
    0.8196022727272727,
    0.8180515759312321,
    0.8181818181818182,
    0.8192419825072886,
    0.8185840707964602,
    0.8221225710014948,
    0.8199697428139183,
    0.8529411764705882,
    0.8421052631578947,
    0.8367346938775511,
    0.825,
    0.8529411764705882,
    0.896551724137931,
    0.9333333333333333,
    1.0,
    1.0,
    1.0,
    1.0
  ],
  "recall_curve": [
    1.0,
    1.0,
    0.9983333333333333,
    0.995,
    0.985,
    0.9816666666666667,
    0.9816666666666667,
    0.9783333333333334,
    0.9766666666666667,
    0.9733333333333334,
    0.9716666666666667,
    0.965,
    0.9616666666666667,
    0.9516666666666667,
    0.945,
    0.9366666666666666,
    0.925,
    0.9166666666666666,
    0.9033333333333333,
    0.09666666666666666,
    0.08,
    0.06833333333333333,
    0.055,
    0.04833333333333333,
    0.043333333333333335,
    0.023333333333333334,
    0.021666666666666667,
    0.01,
    0.008333333333333333,
    0.0
  ]
}